{"cameraMode":{"drawMode":0,"name":"Shaded","section":"Shading Mode"},"sceneLighting":true,"audioPlay":false,"sceneViewState":{"showFog":true,"showMaterialUpdate":false,"showSkybox":true,"showFlares":true,"showImageEffects":true,"showParticleSystems":true},"in2DMode":false,"pivot":{"x":23.029407501220704,"y":-7.0411882400512699,"z":-5.459253311157227},"rotation":{"x":-0.09908051788806915,"y":-0.6887096166610718,"z":0.09587021172046662,"w":-0.7118145823478699},"size":32.29887390136719,"orthographic":false}