{"cameraMode":{"drawMode":0,"name":"Shaded","section":"Shading Mode"},"sceneLighting":true,"audioPlay":false,"sceneViewState":{"showFog":true,"showMaterialUpdate":false,"showSkybox":true,"showFlares":true,"showImageEffects":true,"showParticleSystems":true},"in2DMode":false,"pivot":{"x":9.100955963134766,"y":21.360397338867189,"z":6.952419281005859},"rotation":{"x":0.08122023940086365,"y":0.003298999508842826,"z":-0.00027436891105026007,"w":0.9966990351676941},"size":49.34476852416992,"orthographic":false}