{"cameraMode":{"drawMode":0,"name":"Shaded","section":"Shading Mode"},"sceneLighting":true,"audioPlay":false,"sceneViewState":{"showFog":true,"showMaterialUpdate":false,"showSkybox":true,"showFlares":true,"showImageEffects":true,"showParticleSystems":true},"in2DMode":false,"pivot":{"x":-1.564586877822876,"y":-1.963578224182129,"z":-8.415032386779786},"rotation":{"x":0.0048064072616398338,"y":0.9868861436843872,"z":-0.15856416523456574,"w":0.029912788420915605},"size":11.5761079788208,"orthographic":false}