{"cameraMode":{"drawMode":0,"name":"Shaded","section":"Shading Mode"},"sceneLighting":true,"audioPlay":false,"sceneViewState":{"showFog":true,"showMaterialUpdate":false,"showSkybox":true,"showFlares":true,"showImageEffects":true,"showParticleSystems":true},"in2DMode":false,"pivot":{"x":9.511442184448243,"y":4.023064136505127,"z":20.522499084472658},"rotation":{"x":0.03162035718560219,"y":-0.25298458337783816,"z":-0.00827331468462944,"w":-0.9669231176376343},"size":33.95819854736328,"orthographic":false}