{"cameraMode":{"drawMode":0,"name":"Shaded","section":"Shading Mode"},"sceneLighting":true,"audioPlay":false,"sceneViewState":{"showFog":true,"showMaterialUpdate":false,"showSkybox":true,"showFlares":true,"showImageEffects":true,"showParticleSystems":true},"in2DMode":false,"pivot":{"x":10.641904830932618,"y":3.1160621643066408,"z":19.840665817260743},"rotation":{"x":0.019712919369339944,"y":-0.30347326397895815,"z":-0.0062799714505672459,"w":-0.9526202082633972},"size":32.29887390136719,"orthographic":false}