{"cameraMode":{"drawMode":0,"name":"Shaded","section":"Shading Mode"},"sceneLighting":true,"audioPlay":false,"sceneViewState":{"showFog":true,"showMaterialUpdate":false,"showSkybox":true,"showFlares":true,"showImageEffects":true,"showParticleSystems":true},"in2DMode":false,"pivot":{"x":-4.096653938293457,"y":-5.115726947784424,"z":-24.472999572753908},"rotation":{"x":-0.003216469194740057,"y":-0.9935522675514221,"z":0.10954239219427109,"w":-0.02921285666525364},"size":32.28213882446289,"orthographic":false}