{"cameraMode":{"drawMode":0,"name":"Shaded","section":"Shading Mode"},"sceneLighting":true,"audioPlay":false,"sceneViewState":{"showFog":true,"showMaterialUpdate":false,"showSkybox":true,"showFlares":true,"showImageEffects":true,"showParticleSystems":true},"in2DMode":false,"pivot":{"x":-1.324837327003479,"y":-1.8464698791503907,"z":36.44159698486328},"rotation":{"x":-0.07073180377483368,"y":0.023037750273942949,"z":-0.0016332538798451424,"w":-0.9972325563430786},"size":50.47052764892578,"orthographic":false}