{"cameraMode":{"drawMode":0,"name":"Shaded","section":"Shading Mode"},"sceneLighting":true,"audioPlay":false,"sceneViewState":{"showFog":true,"showMaterialUpdate":false,"showSkybox":true,"showFlares":true,"showImageEffects":true,"showParticleSystems":true},"in2DMode":false,"pivot":{"x":-2.9632515907287599,"y":-0.1911602020263672,"z":-8.988710403442383},"rotation":{"x":0.0031522330828011038,"y":0.9949594140052795,"z":-0.09461536258459091,"w":0.03314540535211563},"size":19.997081756591798,"orthographic":false}