{"cameraMode":{"drawMode":0,"name":"Shaded","section":"Shading Mode"},"sceneLighting":true,"audioPlay":false,"sceneViewState":{"showFog":true,"showMaterialUpdate":false,"showSkybox":true,"showFlares":true,"showImageEffects":true,"showParticleSystems":true},"in2DMode":false,"pivot":{"x":-3.4285311698913576,"y":-8.403254508972168,"z":-38.422508239746097},"rotation":{"x":-0.002950634341686964,"y":0.9919476509094238,"z":-0.1244514137506485,"w":-0.023512130603194238},"size":52.96044921875,"orthographic":false}