{"cameraMode":{"drawMode":0,"name":"Shaded","section":"Shading Mode"},"sceneLighting":true,"audioPlay":false,"sceneViewState":{"showFog":true,"showMaterialUpdate":false,"showSkybox":true,"showFlares":true,"showImageEffects":true,"showParticleSystems":true},"in2DMode":false,"pivot":{"x":-14.889579772949219,"y":3.0007143020629885,"z":-6.624885559082031},"rotation":{"x":-0.001571612199768424,"y":-0.9949538111686707,"z":0.09913467615842819,"w":-0.015814920887351037},"size":43.29438018798828,"orthographic":false}