{"cameraMode":{"drawMode":0,"name":"Shaded","section":"Shading Mode"},"sceneLighting":true,"audioPlay":false,"sceneViewState":{"showFog":true,"showMaterialUpdate":false,"showSkybox":true,"showFlares":true,"showImageEffects":true,"showParticleSystems":true},"in2DMode":false,"pivot":{"x":-1.516875982284546,"y":2.5733895301818849,"z":-6.113447189331055},"rotation":{"x":-0.001571612199768424,"y":-0.9949538111686707,"z":0.09913467615842819,"w":-0.015814920887351037},"size":26.202497482299806,"orthographic":false}