{"cameraMode":{"drawMode":0,"name":"Shaded","section":"Shading Mode"},"sceneLighting":true,"audioPlay":false,"sceneViewState":{"showFog":true,"showMaterialUpdate":false,"showSkybox":true,"showFlares":true,"showImageEffects":true,"showParticleSystems":true},"in2DMode":false,"pivot":{"x":-29.592756271362306,"y":22.271697998046876,"z":-142.985107421875},"rotation":{"x":0.0035296694841235878,"y":0.9409409165382385,"z":-0.33847662806510928,"w":0.009875001385807991},"size":144.5936737060547,"orthographic":false}