{"cameraMode":{"drawMode":0,"name":"Shaded","section":"Shading Mode"},"sceneLighting":true,"audioPlay":false,"sceneViewState":{"showFog":true,"showMaterialUpdate":false,"showSkybox":true,"showFlares":true,"showImageEffects":true,"showParticleSystems":true},"in2DMode":false,"pivot":{"x":7.520793914794922,"y":0.07475042343139649,"z":8.934501647949219},"rotation":{"x":0.03896095231175423,"y":0.4562879502773285,"z":-0.020001892000436784,"w":0.8887566924095154},"size":19.927248001098634,"orthographic":false}