{"cameraMode":{"drawMode":0,"name":"Shaded","section":"Shading Mode"},"sceneLighting":true,"audioPlay":false,"sceneViewState":{"showFog":true,"showMaterialUpdate":false,"showSkybox":true,"showFlares":true,"showImageEffects":true,"showParticleSystems":true},"in2DMode":false,"pivot":{"x":-10.357247352600098,"y":-2.6257612705230715,"z":9.377049446105957},"rotation":{"x":0.14508190751075746,"y":-0.2447967529296875,"z":0.0370752178132534,"w":0.9579426646232605},"size":19.657852172851564,"orthographic":false}