{"cameraMode":{"drawMode":0,"name":"Shaded","section":"Shading Mode"},"sceneLighting":true,"audioPlay":false,"sceneViewState":{"showFog":false,"showMaterialUpdate":false,"showSkybox":false,"showFlares":false,"showImageEffects":false,"showParticleSystems":false},"in2DMode":false,"pivot":{"x":-15.560081481933594,"y":-7.25250244140625,"z":16.05220603942871},"rotation":{"x":-0.19572106003761292,"y":0.2005087435245514,"z":-0.04091896489262581,"w":-0.9590703845024109},"size":48.119876861572269,"orthographic":false}