{"cameraMode":{"drawMode":0,"name":"Shaded","section":"Shading Mode"},"sceneLighting":true,"audioPlay":false,"sceneViewState":{"showFog":false,"showMaterialUpdate":false,"showSkybox":false,"showFlares":false,"showImageEffects":false,"showParticleSystems":false},"in2DMode":false,"pivot":{"x":-5.05576753616333,"y":-5.941694259643555,"z":10.248443603515625},"rotation":{"x":-0.25091132521629336,"y":0.03686751797795296,"z":-0.009563731029629708,"w":-0.9672613739967346},"size":19.06293487548828,"orthographic":false}