{"cameraMode":{"drawMode":0,"name":"Shaded","section":"Shading Mode"},"sceneLighting":true,"audioPlay":false,"sceneViewState":{"showFog":false,"showMaterialUpdate":false,"showSkybox":false,"showFlares":false,"showImageEffects":false,"showParticleSystems":false},"in2DMode":false,"pivot":{"x":9.437379837036133,"y":4.985711574554443,"z":19.95887565612793},"rotation":{"x":0.028108716011047365,"y":-0.07430463284254074,"z":-0.0020956238731741907,"w":-0.9968376755714417},"size":31.043285369873048,"orthographic":false}