{"cameraMode":{"drawMode":0,"name":"Shaded","section":"Shading Mode"},"sceneLighting":true,"audioPlay":false,"sceneViewState":{"showFog":false,"showMaterialUpdate":false,"showSkybox":false,"showFlares":false,"showImageEffects":false,"showParticleSystems":false},"in2DMode":false,"pivot":{"x":-13.539999961853028,"y":0.45000001788139346,"z":0.25},"rotation":{"x":-0.001847264589741826,"y":-0.9823688268661499,"z":0.1866985261440277,"w":-0.009719517081975937},"size":19.72442626953125,"orthographic":false}