{"cameraMode":{"drawMode":0,"name":"Shaded","section":"Shading Mode"},"sceneLighting":true,"audioPlay":false,"sceneViewState":{"showFog":false,"showMaterialUpdate":false,"showSkybox":false,"showFlares":false,"showImageEffects":false,"showParticleSystems":false},"in2DMode":false,"pivot":{"x":8.52663803100586,"y":1.435522198677063,"z":20.188438415527345},"rotation":{"x":-0.0003088817175012082,"y":-0.06685288995504379,"z":0.000020310635591158643,"w":-0.9977635741233826},"size":62.31662368774414,"orthographic":false}