{"cameraMode":{"drawMode":0,"name":"Shaded","section":"Shading Mode"},"sceneLighting":true,"audioPlay":false,"sceneViewState":{"showFog":false,"showMaterialUpdate":false,"showSkybox":false,"showFlares":false,"showImageEffects":false,"showParticleSystems":false},"in2DMode":false,"pivot":{"x":3.2022900581359865,"y":-1.0296838283538819,"z":22.41683578491211},"rotation":{"x":-0.055042240768671039,"y":-0.1619308739900589,"z":0.009046339429914952,"w":-0.9852250218391419},"size":30.860353469848634,"orthographic":false}