{"cameraMode":{"drawMode":0,"name":"Shaded","section":"Shading Mode"},"sceneLighting":true,"audioPlay":false,"sceneViewState":{"showFog":true,"showMaterialUpdate":true,"showSkybox":true,"showFlares":true,"showImageEffects":true,"showParticleSystems":true},"in2DMode":false,"pivot":{"x":-6.424156188964844,"y":-0.9993038177490234,"z":0.30751708149909975},"rotation":{"x":-0.14780506491661073,"y":0.6952329874038696,"z":-0.14949940145015717,"w":-0.6873536109924316},"size":54.6436653137207,"orthographic":false}