{"cameraMode":{"drawMode":0,"name":"Shaded","section":"Shading Mode"},"sceneLighting":true,"audioPlay":false,"sceneViewState":{"showFog":true,"showMaterialUpdate":false,"showSkybox":true,"showFlares":true,"showImageEffects":true,"showParticleSystems":true},"in2DMode":false,"pivot":{"x":-11.78112506866455,"y":4.152829647064209,"z":36.34004211425781},"rotation":{"x":0.010688304901123047,"y":0.27017754316329958,"z":0.0030009762849658729,"w":-0.9627528190612793},"size":52.99898910522461,"orthographic":false}