{"cameraMode":{"drawMode":0,"name":"Shaded","section":"Shading Mode"},"sceneLighting":true,"audioPlay":false,"sceneViewState":{"showFog":true,"showMaterialUpdate":false,"showSkybox":true,"showFlares":true,"showImageEffects":true,"showParticleSystems":true},"in2DMode":false,"pivot":{"x":4.350954055786133,"y":-3.765007495880127,"z":5.451905727386475},"rotation":{"x":0.19842267036437989,"y":0.3780444860458374,"z":-0.08330751955509186,"w":0.900428831577301},"size":19.974815368652345,"orthographic":false}